{
  "project_info": {
    "project_number": "937100637671",
    "project_id": "krushimitra-2279e",
    "storage_bucket": "krushimitra-2279e.appspot.com"
  },
  "client": [
    {
      "client_info": {
        "mobilesdk_app_id": "1:937100637671:android:54813d9d5410e7ce6ef942",
        "android_client_info": {
          "package_name": "com.example.krushi_mitra_final"
        }
      },
      "oauth_client": [],
      "api_key": [
        {
          "current_key": "AIzaSyATvP2VPjoK--YIjVmQgXbiON7DelnBkCc"
        }
      ],
      "services": {
        "appinvite_service": {
          "other_platform_oauth_client": []
        }
      }
    }
  ],
  "configuration_version": "1"
}