{"flutter":{"platforms":{"android":{"default":{"projectId":"krushimitra-2279e","appId":"1:937100637671:android:54813d9d5410e7ce6ef942","fileOutput":"android/app/google-services.json"}},"dart":{"lib/firebase_options.dart":{"projectId":"krushimitra-2279e","configurations":{"android":"1:937100637671:android:54813d9d5410e7ce6ef942","ios":"1:937100637671:ios:b70ff382dcbed7c16ef942","macos":"1:937100637671:ios:b70ff382dcbed7c16ef942","web":"1:937100637671:web:36880261ef1c32666ef942","windows":"1:937100637671:web:6b8d401c08be8ca26ef942"}}}}}}